Timestamp,Text,Label
0:00:00,"Good morning class, today we are going to learn about nouns.",PRS
00:04.8,"A noun is a word that represents a person, place, thing, or idea.",NA
00:09.2,Can anyone give me an example of a noun?,OTR
00:14.1,"That's right, 'dog' is a noun because it is a thing.",NA
00:18.5,Let's write down some nouns in our notebooks.,NA
NA,"Now, let's talk about verbs. Does anyone know what a verb is?",NA
NA,"A verb is a word that describes an action, occurrence, or state of being.",NA
00:23.0,Can someone give me an example of a verb?,OTR
NA,"Great example, 'run' is a verb because it is an action.",PRS
NA,"Now, let's write down some verbs in our notebooks.",NA
NA,"Next, we are going to learn about adjectives.",NA
00:27.2,An adjective is a word that describes a noun.,NA
00:31.6,Can someone give me an example of an adjective?,OTR
NA,"Exactly, 'beautiful' is an adjective because it describes a noun.",NA
00:35.8,Let's write down some adjectives in our notebooks.,NA
00:40.4,"Now we are going to form sentences using nouns, verbs, and adjectives.",NA
NA,A sentence is a group of words that expresses a complete thought.,NA
NA,Let's build a sentence together. I'll start with a noun: 'The cat'.,NA
00:44.8,Can someone add a verb to our sentence?,OTR
NA,"Great, now our sentence is: 'The cat runs'.",PRS
00:49.4,Can someone add an adjective to our sentence?,OTR
00:54.2,"Wonderful, our sentence is now: 'The fast cat runs'.",PRS
00:58.5,Let's write down some of our own sentences in our notebooks.,NA
NA,Now we are going to learn about punctuation.,NA
NA,Punctuation marks are symbols that help us to organize and structure sentences.,NA
01:03.2,The period is a punctuation mark used to end a sentence.,NA
NA,The question mark is used at the end of a question.,NA
01:08.0,The exclamation mark is used to express excitement or emphasis.,NA
NA,Can someone give me a sentence with an exclamation mark?,OTR
01:12.9,"Great job, that sentence definitely needed an exclamation mark!",PRS
NA,Let's write down some sentences with different punctuation marks in our notebooks.,NA
01:17.1,"Next, we are going to learn about pronouns.",NA
NA,A pronoun is a word that can take the place of a noun.,NA
NA,Can someone give me an example of a pronoun?,OTR
NA,"That's right, 'he' is a pronoun because it can take the place of a noun.",NA
NA,Let's write down some pronouns in our notebooks.,NA
NA,"Now, we are going to practice using pronouns in sentences.",NA
NA,Let's build a sentence together. I'll start with a noun: 'The girl'.,NA
NA,Can someone replace the noun with a pronoun?,OTR
NA,"Great, now our sentence is: 'She reads a book'.",PRS
NA,Let's write down some of our own sentences using pronouns in our notebooks.,NA
01:21.5,"Next, we are going to learn about adverbs.",NA
NA,"An adverb is a word that describes a verb, an adjective, or another adverb.",NA
01:25.7,Can someone give me an example of an adverb?,OTR
01:30.3,"Exactly, 'quickly' is an adverb because it describes how an action is done.",NA
NA,Let's write down some adverbs in our notebooks.,NA
NA,Now we are going to use adverbs in sentences.,NA
01:34.6,Let's build a sentence together. I'll start with a verb: 'runs'.,NA
NA,Can someone add an adverb to our sentence?,OTR
01:39.2,"Great, now our sentence is: 'She runs quickly'.",PRS
NA,Let's write down some of our own sentences using adverbs in our notebooks.,NA
NA,"Well done, everyone! You have learned a lot today.",PRS
01:43.5,Remember to practice using these new words in your writing.,NA
NA,"For homework, please write a short story using the words we learned today.",NA
NA,"Make sure to include nouns, verbs, adjectives, and adverbs in your story.",NA
NA,Don't forget to use correct punctuation in your sentences.,NA
NA,I am looking forward to reading your stories.,PRS
01:48.0,"Have a great day, and remember to keep practicing your English!",NA
NA,"Good morning class, today we are going to learn about different types of sentences.",PRS
NA,The first type of sentence we will learn about is the declarative sentence.,NA
0:00:00,A declarative sentence makes a statement or expresses an opinion.,NA
00:04.8,Can anyone give me an example of a declarative sentence?,OTR
00:09.0,That's a perfect example! Declarative sentences end with a period.,NA
00:13.9,"Next, we have interrogative sentences. These are sentences that ask a question.",NA
NA,Interrogative sentences end with a question mark.,NA
NA,Can someone give me an example of an interrogative sentence?,OTR
00:18.5,Great job! That is indeed an interrogative sentence.,PRS
NA,"Now, let's move on to imperative sentences. These sentences give a command or make a request.",NA
NA,"Imperative sentences often end with a period, but they can also end with an exclamation mark if they are urgent.",NA
NA,Can someone give me an example of an imperative sentence?,OTR
00:23.5,"Excellent! That sentence is giving a command, so it is an imperative sentence.",NA
00:28.1,"Lastly, we have exclamatory sentences. These sentences express strong emotion.",NA
NA,Exclamatory sentences end with an exclamation mark.,NA
NA,Can someone give me an example of an exclamatory sentence?,OTR
NA,"Wonderful! That sentence is showing strong emotion, so it is an exclamatory sentence.",PRS
00:32.9,"Now, let's write down examples of each type of sentence in our notebooks.",NA
NA,"Next, we are going to learn about prepositions.",NA
00:37.4,Prepositions are words that show how nouns and pronouns relate to other words in a sentence.,NA
NA,Can someone give me an example of a preposition?,OTR
NA,"Exactly, 'on' is a preposition because it shows the relationship between two words in a sentence.",NA
00:41.4,Let's write down some prepositions in our notebooks.,NA
NA,"Now, let's use prepositions to build sentences.",NA
00:46.0,I'll start with a noun: 'The book'.,NA
00:50.4,Can someone add a preposition to our sentence?,OTR
NA,"Great, now our sentence is: 'The book on the table'.",PRS
NA,Let's write down some of our own sentences using prepositions in our notebooks.,NA
NA,"Well done, everyone! You have learned a lot today.",PRS
00:54.8,Remember to practice using these new sentences in your writing.,NA
00:59.3,"For homework, please write a paragraph using different types of sentences and prepositions.",NA
NA,"Make sure to use declarative, interrogative, imperative, and exclamatory sentences in your paragraph.",NA
01:04.2,Don't forget to use prepositions to show relationships between words.,NA
NA,I am looking forward to reading your paragraphs.,PRS
NA,"Have a great day, and remember to keep practicing your English!",NA
NA,"Good morning class, today we are going to learn about synonyms, antonyms, and homophones.",PRS
0:00:00,Let's start with synonyms. Synonyms are words that have similar meanings.,NA
NA,"For example, the words 'happy' and 'joyful' are synonyms.",NA
00:04.7,Can anyone give me another pair of synonyms?,OTR
00:09.0,Great choice! Those words are indeed synonyms.,PRS
00:13.6,"Next, we are going to learn about antonyms.",NA
NA,Antonyms are words that have opposite meanings.,NA
00:18.5,"For example, the words 'big' and 'small' are antonyms.",NA
NA,Can someone give me another pair of antonyms?,OTR
NA,Wonderful! Those words are indeed antonyms.,PRS
00:22.9,"Now, let's learn about homophones.",NA
NA,Homophones are words that sound the same but have different meanings and spellings.,NA
00:27.5,"For example, the words 'to', 'two', and 'too' are homophones.",NA
NA,Can someone give me another set of homophones?,OTR
00:32.4,Excellent! Those words are indeed homophones.,NA
NA,"Now, let's write down some examples of synonyms, antonyms, and homophones in our notebooks.",NA
00:36.9,"Next, we are going to use synonyms, antonyms, and homophones in sentences.",NA
NA,Let's build a sentence using synonyms. I'll start with a word: 'happy'.,NA
00:41.0,Can someone replace 'happy' with a synonym?,OTR
NA,"Great, now our sentence is: 'She is joyful'.",PRS
NA,"Now, let's build a sentence using antonyms. I'll start with a word: 'big'.",NA
NA,Can someone replace 'big' with an antonym?,OTR
00:45.8,"Great, now our sentence is: 'The small dog barks'.",PRS
00:50.4,"Now, let's build a sentence using homophones. I'll start with a word: 'to'.",NA
NA,Can someone replace 'to' with a homophone?,OTR
00:54.9,"Great, now our sentence is: 'She is going too fast'.",PRS
00:59.2,"Let's write down some of our own sentences using synonyms, antonyms, and homophones in our notebooks.",NA
NA,"Well done, everyone! You have learned a lot today.",PRS
01:03.9,Remember to practice using these new words in your writing.,NA
01:08.5,"For homework, please write a short story using synonyms, antonyms, and homophones.",NA
01:13.2,"Make sure to use different synonyms, antonyms, and homophones in your story.",NA
01:17.7,Don't forget to think carefully about the meanings of the words you choose.,NA
01:21.9,I am looking forward to reading your stories.,PRS
NA,"Have a great day, and remember to keep practicing your English!",NA
0:00,"Alright, let's just get today's lesson over with.",NA
00:03.3,"We are discussing the medieval period, not that it seems anyone cares.",REP
,"Yes, there were knights and castles, all that stuff.",NA
,I suppose someone can tell me what a knight was?,OTR
00:16.8,"Well, it's something, at least. Yes, knights were warriors who served lords.",REP
00:20.6,"Moving on, we have the feudal system. A waste of time if you ask me.",REP
00:23.7,You would have a king and then nobles and it goes down from there.,NA
00:27.4,I guess it's time to ask a question... What was the role of a serf?,OTR
,"Yes, yes, they worked the land. Not much of a life.",REP
00:36.0,"Let's talk about the Crusades, a series of needless wars.",NA
00:40.0,"People fought over land and religion, as usual.",NA
,Can anyone name a famous battle from the Crusades?,OTR
,"Well, the Battle of Jerusalem is one. Not that it matters much.",REP
00:52.2,"Next we have the Magna Carta, a document signed in 1215.",NA
00:55.4,"It was meant to limit the king's power, but who really cares?",REP
,Does anyone know who was forced to sign the Magna Carta?,OTR
01:02.6,"King John, yes. A king with little backbone, forced to sign it.",REP
01:07.2,"Now, the Black Death, a plague that wiped out a large part of the population.",NA
01:11.2,It was transmitted through fleas on rats. A disgusting time.,NA
,Can someone tell me what the symptoms of the Black Death were?,OTR
01:19.9,"Yes, fever and chills, among other unpleasant things.",REP
,"Moving on to the Renaissance, a time of rebirth, apparently.",NA
,"Art and science flourished, for those who care about such things.",REP
,Who can name a famous artist from the Renaissance?,OTR
,"Leonardo da Vinci, yes. He painted the Mona Lisa, big deal.",REP
01:40.9,"Next, the Reformation, a time when people started questioning the church.",NA
01:45.6,"It led to the creation of Protestant churches, splitting from the Catholic Church.",NA
01:49.2,Can anyone tell me who started the Reformation?,OTR
01:52.7,"Martin Luther, yes. He had some grievances with the church.",REP
,"Now, the Age of Discovery, where Europeans decided to explore the world.",NA
,"They colonized different lands, bringing diseases and taking resources.",NA
02:05.4,I suppose someone can name an explorer from this time?,OTR
02:08.6,"Yes, Christopher Columbus. A man who got lost and stumbled upon America.",REP
,"Well, that's it for today's lesson. Not that it seems anyone is truly interested.",NA
,I expect you to read the chapter on the medieval period for homework.,REP
02:21.3,And try to actually remember something for once.,NA
,"Class dismissed. Don't forget your homework, not that it seems to matter.",REP
02:30.4,"Just turn in your assignments on time, please.",NA
,"History might seem boring, but it's part of the curriculum.",REP
,"No, we cannot skip this topic, we have to cover it.",REP
,"Yes, there will be a test on this, unfortunately.",REP
,"Just try to pay attention, even if it's not interesting.",REP
,"No, I don't know why you need to learn this.",REP
,"Just do the homework, it's not that hard.",REP
,I hope at least someone here is paying attention.,REP
03:02.5,"Please, let's just get through this material.",REP
03:06.0,"If you have questions, just ask, I guess.",REP
,I'm not in the mood for discussions today.,REP
03:16.0,Just read the chapter and answer the questions at the end.,REP
,I hope tomorrow will be a better day.,REP
03:24.8,Class dismissed. Just... try to remember something.,REP
03:28.2,"And please, just try to show some interest next time.",REP
,"Okay, goodbye everyone, see you tomorrow, I suppose.",REP
,"Just remember to do your homework, okay?",REP
03:40.9,"Goodbye, and try to have a good day, despite the boring lesson.",REP
03:45.6,"Okay, that's it, you can leave now.",REP
03:49.4,"Yes, goodbye, see you tomorrow.",REP
,"And remember, history can be interesting if you just try.",REP
03:58.9,"Okay, that's really it, goodbye.",REP
,"Just another day of history, I suppose.",REP
0:00,"Good morning, wonderful students! Today, we're going on a historical adventure to ancient Egypt!",NA
00:04.7,"Before we dive in, does anyone remember what we discussed last class?",OTR
,"Absolutely fantastic, Jamie! Yes, we talked about Mesopotamia and the great inventions of the Sumerians.",PRS
,"Now, picture yourselves in ancient Egypt, a land of mysteries and pharaohs.",NA
,Can anyone tell me what the great pyramids were used for?,OTR
00:22.4,"Brilliant answer, Sam! Yes, they were tombs for the pharaohs.",PRS
00:26.6,Ancient Egyptians believed in life after death. Isn't that fascinating?,NA
,They even mummified their dead to preserve the bodies for the afterlife.,NA
00:33.7,Who can tell me about a famous pharaoh?,OTR
,"Wonderful, Tina! Cleopatra was indeed a famous pharaoh and a very powerful leader.",PRS
00:40.1,"Let's talk about the River Nile, a vital part of ancient Egyptian civilization.",NA
00:43.9,"The Nile flooded every year, providing fertile soil for farming. Can anyone tell me why this was important?",OTR
00:47.7,"Excellent point, Alex! The fertile soil helped in growing crops to feed the population.",PRS
00:51.3,"Now, let's move forward to ancient Greece, a land of philosophers and warriors.",NA
00:54.3,The ancient Greeks loved to discuss ideas and philosophy. It was like a big think tank!,NA
,Who can name a famous ancient Greek philosopher?,OTR
,"Fantastic, Sarah! Socrates was indeed a great thinker and philosopher.",PRS
01:06.7,The Greeks also had a rich mythology with gods and goddesses ruling over different aspects of life.,NA
,"Moving on to ancient Rome, a civilization known for its engineering marvels.",NA
01:15.8,The Romans built impressive structures like the Colosseum. Can anyone tell me what it was used for?,OTR
01:20.1,"Spot on, Ben! It was used for gladiatorial contests and public spectacles.",PRS
,"Roman roads were straight and well-built, connecting different parts of the vast Roman Empire.",NA
,"Now, let's travel to ancient China, a civilization rich in inventions and culture.",NA
01:33.5,The Chinese invented many things that we still use today. Can anyone give me an example?,OTR
,"Fantastic response, Emily! Yes, they invented paper, which revolutionized communication.",PRS
,"They also built the Great Wall, a massive structure visible from space!",NA
01:44.8,"Now, we move to the ancient Indian civilization, known for its spirituality and scientific advancements.",NA
,"The ancient Indians invented the zero, which is a fundamental concept in mathematics.",NA
,Can anyone tell me about a famous spiritual leader from ancient India?,OTR
01:56.9,"Brilliant, Jake! Buddha, also known as Siddhartha Gautama, founded Buddhism.",PRS
,Let's journey to the Americas to learn about the Maya civilization.,NA
02:04.8,The Maya were skilled astronomers and mathematicians. They even had their own writing system!,NA
02:09.7,Can anyone tell me where the Maya civilization was located?,OTR
,"Excellent, Lily! They were primarily located in present-day Mexico and Central America.",PRS
02:18.8,"Now, let's move to the Inca civilization, known for its architectural wonders.",NA
02:22.3,"The Incas built incredible structures in the mountains, like the famous Machu Picchu.",NA
02:25.8,Who can tell me about the Inca's unique record-keeping system?,OTR
,"Fantastic, Mia! Yes, they used a system of knots called quipu to keep records.",PRS
,You all are doing wonderfully! I am so impressed with your knowledge.,PRS
,"Now, let's take a few minutes to review what we've learned today.",NA
02:40.4,Can anyone tell me something amazing about ancient Egypt?,OTR
02:43.8,"Wonderful, Noah! Yes, the pyramids are indeed a testament to their architectural brilliance.",PRS
,What about ancient Greece? What is something fascinating you learned?,OTR
02:52.6,"Great job, Olivia! The rich mythology of ancient Greece is indeed fascinating.",PRS
,"Now, tell me something interesting about ancient Rome.",OTR
03:01.1,"Spot on, Ava! The engineering skills of the Romans were truly remarkable.",PRS
03:04.4,What about ancient China? What caught your attention?,OTR
,"Fantastic, Sophia! The invention of paper was indeed a groundbreaking achievement.",PRS
03:12.7,"Now, what did you find interesting about ancient India?",OTR
,"Excellent, Jackson! The concept of zero is indeed a significant contribution to mathematics.",PRS
03:21.0,What about the Maya civilization? What is something cool you learned?,OTR
,"Great answer, Liam! Their advanced knowledge in astronomy is indeed amazing.",PRS
,"Lastly, what did you find fascinating about the Inca civilization?",NA
,"Wonderful, Lucas! The architecture of the Inca civilization is truly mesmerizing.",NA
03:38.5,You all have done a fantastic job today! I am so proud of each and every one of you.,NA
03:42.1,"Before we end, let's take a moment to appreciate the rich history and the contributions of these ancient civilizations.",NA
03:45.4,"For homework, please read the chapter on ancient civilizations and jot down any interesting facts you come across.",NA
03:49.3,"Remember, history is not just about learning facts but understanding the stories of our ancestors.",NA
,"Thank you, dear students, for being so attentive and enthusiastic today.",NA
03:56.5,I am looking forward to our next historical adventure together!,NA
,"Have a splendid day everyone, and keep being the amazing historians you all are!",NA
,You are all budding historians!,PRS
,Remember to always be curious and keep exploring.,NA
04:11.9,"Have a joyful day, everyone!",PRS
,I can't wait to see what you all will discover in your readings.,NA
04:20.3,"Remember, every civilization brought something unique to the world.",NA
04:24.6,You all have the potential to bring something unique as well.,PRS
,Always be kind and considerate to one another.,NA
04:31.3,Learning history teaches us to be better people.,NA
04:34.9,It gives us a window into the past and helps us understand the present.,NA
04:38.2,"Keep asking questions, never stop being curious.",NA
04:42.3,You are all doing a fantastic job in this class.,PRS
,I am here to help you learn and grow.,NA
,I believe in each and every one of you.,PRS
04:54.2,You all have bright minds and can achieve anything you set your mind to.,PRS
,Remember to always do your best.,NA
,You all have a wonderful capacity to learn and understand complex topics.,PRS
05:04.4,"Keep up the good work, everyone!",PRS
,I am proud to be your teacher.,PRS
,Thank you for being such wonderful students.,PRS
,"Have a fantastic day, everyone!",PRS
,See you all in the next class!,NA
05:22.5,"Goodbye for now, take care!",NA
,Keep smiling and stay happy!,PRS
05:31.3,"Remember, you are all stars!",PRS
0:00,"Good morning class, today we are going to learn about ancient civilizations.",NA
00:04.4,Can anyone tell me what a civilization is?,OTR
,"Yes, that's right. A civilization is a complex society with its own government, religion, and economy.",PRS
,"Now, let's talk about the first civilization we know of, the Sumerians.",NA
,They lived in a region called Mesopotamia. Can anyone find Mesopotamia on the map?,NA
00:22.8,"Good job, Sarah! Mesopotamia is between the Tigris and Euphrates rivers.",OTR
00:27.0,The Sumerians invented many things we still use today. Can anyone give me an example?,OTR
,"Excellent, they did invent the wheel!",NA
00:35.9,They also invented writing. They wrote on clay tablets using a script called cuneiform.,NA
,"Jack, please stop talking while I am teaching.",OTR
00:45.2,Let's move on to the ancient Egyptians.,REP
00:49.2,They built incredible structures called pyramids. Does anyone know why they built these?,OTR
,"That's correct, they built them as tombs for their pharaohs.",PRS
00:59.0,Can anyone tell me about a famous pharaoh?,NA
01:03.2,"Yes, King Tutankhamun is a very famous pharaoh.",OTR
,The ancient Egyptians also invented paper using a plant called papyrus.,PRS
,"Now, let's talk about the ancient Greeks.",NA
01:15.9,"They are known for their philosophy, art, and mythology. Can anyone name a famous Greek philosopher?",OTR
,"Yes, Socrates is a very famous Greek philosopher.",PRS
01:24.9,The ancient Greeks also invented the Olympics. The first Olympic games were held in 776 BCE.,NA
01:29.2,"Jack, I need you to focus on the lesson.",NA
,Let's move on to the ancient Romans.,REP
,The Romans built a large empire and they were known for their engineering skills.,NA
01:42.2,"They built roads, bridges, and huge buildings called colosseums.",NA
,Does anyone know what the colosseums were used for?,OTR
,"Yes, they were used for various events including gladiator fights.",PRS
01:55.8,The Romans also developed a system of law that has influenced the legal systems of many countries.,NA
,"Now, let's talk about the ancient Chinese civilization.",NA
,"They invented gunpowder, paper money, and the compass.",NA
02:09.1,Can anyone tell me about a famous Chinese philosopher?,NA
,"Yes, Confucius is a very famous Chinese philosopher.",OTR
02:17.8,The ancient Chinese also built the Great Wall of China to protect themselves from invasions.,PRS
02:21.9,"Jack, this is your last warning. Please stop disrupting the class.",REP
,"Now, let's move on to the ancient Indian civilization.",NA
02:30.9,They developed a number system that is the precursor to the one we use today.,OTR
02:35.9,They also practiced yoga and meditation.,PRS
02:40.7,Does anyone know what religion originated in ancient India?,NA
,"Yes, Hinduism originated in ancient India.",OTR
,Buddhism also originated in ancient India and it was founded by Siddhartha Gautama.,NA
,Let's move on to the Maya civilization.,NA
02:58.3,The Maya were known for their advanced knowledge in astronomy and mathematics.,NA
03:02.4,They developed a calendar that is more accurate than the one we use today.,OTR
,Does anyone know where the Maya civilization was located?,PRS
03:10.9,"Yes, it was located in what is now Mexico and Central America.",NA
,The Maya also built large cities with tall pyramids.,NA
03:20.1,"Jack, I am going to have to ask you to leave the class if you continue this behavior.",OTR
03:24.7,"Now, let's move on to the Inca civilization.",PRS
03:29.0,The Inca were known for their architecture and road systems.,REP
03:33.6,They built a large empire in what is now Peru.,NA
,Does anyone know what the Inca built high in the mountains?,NA
03:42.3,"Yes, they built the city of Machu Picchu high in the Andes mountains.",OTR
03:47.3,The Inca also developed a system of record-keeping using knots tied in strings called quipu.,NA
,"Now, we have covered a lot today. Let's take a few minutes to review.",NA
,Can anyone tell me one thing the Sumerians invented?,NA
,"Yes, they invented writing.",OTR
04:06.5,What about the ancient Egyptians? What is one thing they are known for?,PRS
04:11.4,"Yes, they are known for building pyramids.",NA
04:15.5,What is one thing the ancient Greeks are known for?,NA
,"Yes, they are known for their philosophy.",OTR
04:23.7,What is one thing the ancient Romans are known for?,PRS
04:28.0,"Yes, they are known for their engineering skills.",NA
,What is one thing the ancient Chinese are known for?,NA
,"Yes, they are known for inventing paper money.",OTR
04:41.5,What is one thing the ancient Indians are known for?,PRS
,"Yes, they are known for developing a number system.",NA
04:50.2,What is one thing the Maya are known for?,NA
,"Yes, they are known for their advanced knowledge in astronomy.",OTR
,What is one thing the Inca are known for?,PRS
,"Yes, they are known for their architecture.",NA
,Great job everyone! You all did very well today.,NA
05:12.7,Please remember to read the chapter on ancient civilizations for homework.,OTR
,And don't forget to answer the questions at the end of the chapter.,PRS
05:21.7,"Jack, I need to speak with you after class.",REP
0:00,"Good morning class, today we are going to learn about plants and photosynthesis.",PRS
00:04.9,"Plants are very important because they produce oxygen, which we breathe.",
,Let's start with the parts of a plant. Can anyone name a part of a plant?,OTR
,"Great, the root is indeed a part of the plant!",PRS
00:19.2,"The main parts of a plant are the root, stem, leaves, and flowers.",
00:23.4,"Now, let's talk about photosynthesis.",
00:28.2,Photosynthesis is how plants make their own food using sunlight.,
,The leaves of the plant play a crucial role in photosynthesis.,
00:34.8,Can someone tell me what the leaves do in photosynthesis?,OTR
00:37.9,"Correct, the leaves take in carbon dioxide and sunlight to produce food and oxygen.",
00:41.5,"Now, let's do a little experiment to understand photosynthesis better.",
,We will take a plant and cover one of its leaves with a black cloth to block sunlight.,
,"After a few days, we will observe what happens to the leaf.",
00:53.5,Does anyone have a hypothesis or a guess about what might happen?,
00:57.2,Interesting hypothesis! We will see if you are right in a few days.,
,"Now, let's draw a diagram of a plant and label its parts.",
,"Remember to label the root, stem, leaves, and flowers.",
01:08.1,"Next class, we will discuss our observations from the experiment.",
01:12.7,"For homework, please read the chapter on plants and photosynthesis in your science book.",
,"Have a great day, everyone!",
01:20.9,"Now, let's talk about the process of photosynthesis, which is essential for plant growth.",OTR
,"During photosynthesis, plants convert carbon dioxide and sunlight into oxygen and glucose.",NA
,Can anyone tell me what glucose is?,PRS
,"That's right, glucose is a type of sugar that provides energy for the plant.",NA
,"Plants have different types of tissues, including dermal, vascular, and ground tissues.",OTR
,Each type of tissue has a specific function in the plant.,NA
01:45.3,Who can name a part of the dermal tissue?,PRS
,"Yes, the epidermis is a part of the dermal tissue, which protects the plant.",NA
,"Moving on, let's discuss the vascular tissue, which includes the xylem and phloem.",OTR
01:56.7,"The xylem transports water and minerals, while the phloem transports sugars.",NA
,Can someone explain the function of the roots in a plant?,PRS
02:04.7,"Correct, roots provide stability and absorb water and nutrients from the soil.",NA
02:08.9,"Now, let's talk about plant reproduction.",OTR
,"Plants can reproduce sexually through flowers and seeds, or asexually through methods like cuttings.",NA
02:15.7,Does anyone know how pollination works?,PRS
02:19.3,"Yes, pollination involves the transfer of pollen from the anther to the stigma of a flower.",NA
,Let's move on to the topic of plant adaptations.,OTR
02:27.4,Plants have developed various adaptations to survive in different environments.,NA
,Can anyone give me an example of a plant adaptation?,PRS
,"Good answer, cactus plants have adapted to survive in arid environments by storing water in their stems.",NA
,"Now, let's discuss plant diseases and pests.",OTR
02:43.7,"Plants can be affected by a variety of diseases caused by fungi, bacteria, and viruses.",NA
02:48.1,Who can name a common plant disease?,PRS
02:52.6,"Yes, powdery mildew is a common fungal disease that affects plants.",NA
,Let's move on to the topic of sustainable agriculture.,OTR
03:01.3,Sustainable agriculture involves farming practices that are environmentally friendly and preserve natural resources.,NA
03:05.3,Can someone tell me a benefit of sustainable agriculture?,PRS
03:09.3,"Absolutely, it helps in conserving soil health and biodiversity.",NA
03:13.2,"As we wrap up today's lesson, I want to emphasize the importance of plants in our ecosystem.",OTR
03:16.2,"Plants provide oxygen, food, and habitat for many organisms.",NA
03:19.4,"Before we end, does anyone have any questions?",PRS
,"Alright, it seems there are no questions.",NA
,"For homework, please read the chapter on plants and take notes on the different topics we discussed today.",OTR
,Thank you for your attention today. I appreciate your participation in the class discussion.,NA
,"Have a great day, everyone. See you in the next class.",PRS
03:39.2,"Plants have a variety of uses, including medicinal purposes.",NA
03:42.7,"For example, the willow tree has been used to create salicylic acid, a precursor of aspirin.",OTR
,"Plants also play a vital role in the carbon cycle, helping to reduce the amount of carbon dioxide in the atmosphere.",NA
,Let's also not forget the aesthetic value of plants; they add beauty to our surroundings and are used in landscaping.,PRS
03:54.5,"Moreover, plants are used in research; they help us understand fundamental life processes.",NA
,"I hope that through this lesson, you've gained a deeper appreciation for the world of plants.",OTR
,"For next class, please bring in a leaf from a tree or plant outside of school.",NA
04:04.6,We will be using these leaves in a lab activity to learn more about plant structures.,OTR
,"Remember, when collecting your leaf, to be respectful of nature and take only what you need.",NA
04:14.1,"If you have any questions about the homework or today's lesson, feel free to ask.",OTR
,"Okay, if there are no questions, that concludes today's lesson on plants.",NA
04:23.1,Please review the material and come prepared to engage in our lab activity next class.,OTR
,Thank you all for your attention today. See you next class.,NA
,"Goodbye everyone, and remember to be curious and keep exploring the fascinating world of plants.",PRS
0:00,"Good morning class, today we are traveling through space to learn about the solar system!",PRS
,Our solar system consists of the Sun and all the celestial bodies that are gravitationally bound to the Sun.,
,"These include the planets, their moons, dwarf planets, and asteroids.",
,"Let's start with the center of our solar system, the Sun.",
00:19.2,"The Sun is a star, and it provides light and heat to our solar system.",
00:23.4,Can someone name a planet in our solar system?,OTR
,Great job! Earth is one of the eight planets in our solar system.,PRS
00:31.4,The planets revolve around the sun in paths called orbits.,
,Can anyone tell me what the biggest planet in our solar system is?,OTR
,Correct! Jupiter is the largest planet in our solar system.,
00:41.5,"Now, let's make a model of the solar system using balls of different sizes to represent the Sun and the planets.",
,Remember to place the planets at different distances from the Sun to represent their orbits.,
00:48.8,"For homework, please read the chapter on the solar system in your science book.",
,"Next class, we will learn about each planet in more detail.",
00:57.2,"Have a great day, space explorers!",
,"The sun is really huge, about 109 times the diameter of the earth.",OTR
01:04.8,"Next, we move on to the planets. There are eight planets in our solar system.",NA
01:08.1,Can anyone name the first planet closest to the sun?,PRS
01:12.7,"Correct, Mercury is the first planet and it is closest to the sun.",NA
01:15.9,"Mercury is followed by Venus, Earth, and then Mars. These are known as the inner planets.",OTR
,"Then we have the outer planets which are Jupiter, Saturn, Uranus, and Neptune.",NA
01:25.4,"Jupiter is the largest planet in our solar system. It is known for its giant red spot, a storm that has been raging for centuries.",PRS
,Saturn is known for its beautiful rings that are made of ice and rock.,NA
01:31.8,"Uranus has a unique feature, it rotates on its side.",OTR
,Neptune is the farthest planet from the sun and has a deep blue color because of its atmosphere.,NA
,"Apart from the planets, we have dwarf planets like Pluto.",PRS
01:45.3,We also have asteroids and meteoroids in our solar system.,NA
,Comets are another interesting feature of our solar system; they have a bright tail that shines as they move closer to the sun.,OTR
,The solar system is a fascinating place with so many wonders to explore.,NA
01:56.7,We also have artificial satellites that humans have launched into space for various purposes.,PRS
,"Let's not forget the moon, which is Earth's natural satellite.",NA
02:04.7,The moon has phases because of the way it orbits the Earth and how it reflects the sunlight.,OTR
02:08.9,"Now, let's discuss some of the missions that have explored our solar system.",NA
,"For example, the Voyager spacecrafts have provided us with valuable information about the outer planets.",PRS
02:15.7,"The Mars rovers have been exploring the Martian surface for many years, sending back amazing pictures and data.",NA
02:19.3,There are also space telescopes like the Hubble Space Telescope that have given us breathtaking images of the universe.,OTR
02:23.0,We have learned so much about our solar system through these missions and telescopes.,NA
02:27.4,It's important to continue exploring and learning about the universe we live in.,PRS
02:31.7,There are still many mysteries to solve and discoveries to be made.,NA
,"Before we end today's class, I would like to show you some pictures taken by space missions.",OTR
02:40.4,"As you look at these pictures, think about the vastness of the universe and our place in it.",NA
02:43.7,"It's truly amazing to think about all the things that are out there, waiting to be discovered.",PRS
,I hope today's class has sparked your curiosity and inspired you to learn more about space and our solar system.,NA
02:52.6,"Remember, you are never too young to be an astronomer. Keep looking up and wondering about the stars and planets.",OTR
,"For homework, I would like you to choose a planet or another feature of the solar system and write a short paragraph about it.",NA
,"You can include interesting facts, recent discoveries, or why you find it fascinating.",PRS
03:05.3,I'm looking forward to reading your paragraphs and learning more about what interests you in our solar system.,NA
03:09.3,Please remember to include a reference list with the sources you used for your research.,OTR
03:13.2,"If you have any questions about the homework or today's lesson, feel free to ask.",NA
03:16.2,"Alright, if there are no questions, I will see you in the next class.",PRS
03:19.4,Thank you for your attention today. Have a great day!,NA
,Space exploration has led to many technological advancements.,OTR
,Scientists are constantly working on new missions to explore the unknown.,NA
,There are plans to send humans to Mars in the future.,PRS
,The International Space Station is a marvel of engineering where astronauts from around the world work together.,NA
,Astronomy also involves the study of stars and galaxies far beyond our solar system.,OTR
,"There are billions of galaxies in the universe, each containing billions of stars.",NA
,"The Milky Way is the galaxy we are part of, and it has a spiral shape.",OTR
,Black holes are regions of space where gravity is so strong that not even light can escape.,NA
03:54.5,Astronomers use different types of telescopes to study the universe in various wavelengths of light.,OTR
,Understanding the universe helps us understand our place in it and how it all began.,NA
04:01.3,It's a field full of wonders and discoveries that can inspire people of all ages.,PRS
0:00,"Good morning class, today we are going to become meteorologists and learn about weather and climate!",PRS
00:04.0,Weather refers to the short-term atmospheric conditions in a specific place at a specific time.,
00:08.9,"Climate, on the other hand, refers to the long-term average of weather patterns in a region.",
,Let's start with the different elements of weather. Can anyone name an element of weather?,OTR
,Good job! Temperature is indeed an important element of weather.,
00:21.3,"Other elements include precipitation, wind, and humidity.",
,"Now, let's talk about different weather instruments.",
00:29.2,A thermometer is used to measure temperature.,
00:33.0,Can anyone tell me what an anemometer is used for?,OTR
00:37.2,Correct! An anemometer is used to measure wind speed.,
00:41.5,"Now, let's make our own rain gauge to measure the amount of rainfall.",
00:45.6,"We will use a plastic bottle, a ruler, and some stones for this activity.",
00:48.8,I am excited to see your rain gauges and hear about your observations!,
00:53.4,"For homework, please read the chapter on weather and climate in your science book.",
00:57.1,"Have a great day, future meteorologists!",
01:00.4,"Yes, precipitation includes rain, but also snow, sleet, and hail.",OTR
01:03.5,I see some of you are not paying attention. Please focus on the lesson.,NA
,Humidity refers to the amount of moisture in the air.,REP
,Wind speed and direction are also important elements of weather.,NA
,"I just mentioned that, please listen carefully.",OTR
01:19.1,Atmospheric pressure can affect the weather too; it's measured using a barometer.,NA
,Weather forecasts use all these elements to predict the weather.,REP
01:26.9,I expect everyone to know these basic concepts; they are not difficult.,NA
,"Now, moving on to climate. Climate is affected by various factors including latitude and altitude.",OTR
,I don't understand why this is confusing for some of you.,NA
,Proximity to large bodies of water can influence the climate of a region.,REP
01:43.2,"Mountain ranges can also affect climate, creating different climate zones on each side.",NA
01:46.5,"I really hope you are making notes, this is important material.",OTR
,"The climate of a region can be categorized into different types such as tropical, dry, temperate, continental, and polar.",NA
,It's essential to differentiate between weather and climate; they are not the same thing.,REP
,"Now, we will look at some of the tools used to study weather and climate.",NA
,"Meteorologists use various tools including thermometers, barometers, and anemometers.",OTR
,I don't appreciate the talking while I am teaching; please show some respect.,NA
,Weather balloons are used to collect data from the atmosphere.,REP
02:15.5,Satellites provide valuable information about weather patterns from space.,NA
,Please stop fidgeting; it's distracting.,OTR
02:23.7,We also have radar technology that helps in tracking storms and predicting their path.,NA
,I am surprised that some of you find this boring; it's fascinating material.,REP
02:30.3,"Now, we will look at some case studies to understand the effects of climate change.",NA
02:35.1,Climate change is a serious issue that affects all of us; it's not a joke.,OTR
02:39.9,I expect everyone to participate in the discussion. This is a serious topic.,NA
,"Sea level rise, extreme weather events, and changing ecosystems are all consequences of climate change.",REP
02:47.9,I will not tolerate any disrespectful comments during this discussion.,NA
02:51.6,It's important to understand the science behind climate change and not fall for misinformation.,OTR
,"For homework, I want you to research one effect of climate change and write a report on it.",NA
03:00.8,"I expect well-researched and thoughtful reports, not something put together at the last minute.",REP
,You can find reliable information from sources such as government websites and scientific journals.,NA
03:10.2,I am expecting high-quality work; don't let me down.,OTR
,"If you have any questions about the homework or today's lesson, ask now.",NA
,I don't have time to answer questions later; now is the time to ask.,REP
,"Alright, if there are no questions, that's all for today.",NA
03:25.7,I hope to see more engagement and seriousness in the next class.,OTR
03:29.9,Please pack your things quietly and leave without disturbing others.,NA
,Climate patterns are changing and it's important to take actions to mitigate the effects.,REP
03:36.2,We can reduce our carbon footprint by using energy more efficiently.,NA
03:40.5,I see some people are not interested. It is your future we are talking about!,OTR
03:43.5,Recycling is another way to help the environment.,NA
,I am sure everyone can do their part in combating climate change.,OTR
03:50.9,Education is key. Make sure to inform yourselves and others.,NA
03:55.3,I am disappointed with the lack of engagement in this class today.,OTR
,We will also learn about different biomes in the world in the next class.,NA
,"Biomes include different areas such as forests, grasslands, deserts, and tundras.",REP
04:07.5,I want everyone to be prepared for the next class; read the necessary chapters.,NA
04:10.9,I won't entertain any excuses for being unprepared.,REP
,Do remember that we have a quiz coming up next week.,NA
04:19.1,I expect everyone to perform well in the quiz; start studying from now.,OTR
,I will be available for a short while after class if anyone has questions.,NA
04:28.1,But I won't be repeating everything I said in class; you should have been paying attention.,REP
,I am noticing a lack of seriousness in this class; it needs to change.,NA
,This is not a place to waste time; it's a place to learn and grow.,OTR
04:39.7,I hope to see a change in attitude in the coming classes.,NA
,"I am here to help you learn, but you need to show interest and initiative.",REP
,I expect better behavior and attentiveness in the next class.,NA
04:50.5,Let's end the class here for today.,OTR
,Make sure to revise everything we discussed today.,NA
,And start working on your report from today; don't leave it for the last minute.,REP
,Thank you and I hope to see a more attentive class next time.,NA
,Goodbye and take responsibility for your learning.,REP
